{
  "protocol": {
    "targetNetworkName": "alphanet-10",
    "milestonePublicKeyCount": 7,
    "baseToken": {
      "name": "Shimmer",
      "tickerSymbol": "SMR",
      "unit": "SMR",
      "subunit": "glow",
      "decimals": 6,
      "useMetricPrefix": false
    },
    "publicKeyRanges": [
      {
        "key": "d9922819a39e94ddf3907f4b9c8df93f39f026244fcb609205b9a879022599f2",
        "start": 0,
        "end": 0
      },
      {
        "key": "d85e5b1590d898d1e0cdebb2e3b5337c8b76270142663d78811683ba47c17c98",
        "start": 0,
        "end": 0
      },
      {
        "key": "f9d9656a60049083eef61487632187b351294c1fa23d118060d813db6d03e8b6",
        "start": 0,
        "end": 0
      },
      {
        "key": "3df80964cc83921e08c1fa0a4f5fc05810a634da45461b2b315fcbfd62f7cab7",
        "start": 0,
        "end": 0
      },
      {
        "key": "8e222ae7e2adcfb87a2984a19aad52b1979ed1472c3cb17239a73ef1d344c35a",
        "start": 0,
        "end": 0
      },
      {
        "key": "64bc7cd3de254cc3a2a6e0aaee5b841d0a671b22b487788f594fbf1ef329935c",
        "start": 0,
        "end": 0
      },
      {
        "key": "a3be03ff2390210354a9af6beb418a957766b050f5a7c62662803cc267a944f6",
        "start": 0,
        "end": 0
      },
      {
        "key": "19596d570e9535f11cc34091db98ec44a526e38657f826b5d6b6152e533b8c06",
        "start": 0,
        "end": 0
      },
      {
        "key": "afeac2c52a0ad3da537ba87d0172720fd55fa4fdb3c44b0fd20bc812d18a8856",
        "start": 0,
        "end": 0
      },
      {
        "key": "2a6977f6e547518d572d7ba63f6b50b5bbaf3de8023dc542751723f391297b8b",
        "start": 0,
        "end": 0
      }
    ]
  },
  "db": {
    "path": "alphanet/database"
  },
  "p2p": {
    "db": {
      "path": "alphanet/p2pstore"
    },
    "autopeering": {
      "enabled": true,
      "entryNodes": [
        "/dns/entry-hornet-0.h.alphanet.iotaledger.net/udp/14626/autopeering/Bv8UUxy81fqpttowiFiBsNT6mnGMFoFNjk79iG1f9nEr",
        "/dns/entry-hornet-1.h.alphanet.iotaledger.net/udp/14626/autopeering/CbYtFzRQtqeNQJQFYRZk1WewxfKCmqXCHZ16od1d23PX"
      ]
    }
  },
  "tangle": {
    "maxDeltaBlockYoungestConeRootIndexToCMI": 80,
    "maxDeltaBlockOldestConeRootIndexToCMI": 130
  },
  "snapshots": {
    "depth": 500,
    "interval": 2000,
    "fullPath": "alphanet/snapshots/full_snapshot.bin",
    "deltaPath": "alphanet/snapshots/delta_snapshot.bin",
    "downloadURLs": [
      {
        "full": "https://files.alphanet.iotaledger.net/snapshots/latest-full_snapshot.bin",
        "delta": "https://files.alphanet.iotaledger.net/snapshots/latest-delta_snapshot.bin"
      }
    ]
  },
  "warpsync": {
    "advancementRange": 1500
  }
}
